scenario,score,band,baseline_status,confidence,override_tier,pass,explanation
stable_adult_dog,100.0,Bright Green,established,moderate,none,PASS,Bella's indicators are tracking in line with their usual baseline this week. No emergency red flags were reported. Keep up the regular check-ins.
high_energy_reduced_activity,54.0,Watch,established,moderate,none,PASS,"Rex's score is lower this week mainly because energy below usual, activity below usual compared with their usual baseline. This is a wellbeing trend, not a diagnosis. If it continues or worsens, veterinary advice should be considered."
senior_gradual_decline,50.0,Watch,established,moderate,none,PASS,"Max's score is lower this week mainly because energy below usual, activity below usual compared with their usual baseline. This is a wellbeing trend, not a diagnosis. If it continues or worsens, veterinary advice should be considered."
puppy_variable_sleep_activity,95.0,Bright Green,established,moderate,none,PASS,Luna's indicators are tracking in line with their usual baseline this week. No emergency red flags were reported. Keep up the regular check-ins.
cat_appetite_drop,81.0,Medium Green,established,moderate,none,PASS,Milo's indicators are tracking in line with their usual baseline this week. No emergency red flags were reported. Keep up the regular check-ins.
dog_blood_in_stool,,Action Needed,override,high,urgent,PASS,"Blood in stool reported together with low energy for Daisy. Reported signs may be concerning. Veterinary review is recommended soon. This is a safety prompt based on reported signs, not a diagnosis."
increased_thirst_repeated,,Action Needed,override,high,urgent,PASS,"Increased thirst across repeated check-ins for Coco. Increased thirst may require veterinary review, especially if it persists or appears with changes in appetite, weight, urination, or energy. This is a safety prompt based on reported signs, not a diagnosis."
low_appetite_lethargy,,Action Needed,override,high,urgent,PASS,"Persistent low appetite across repeated check-ins for Buddy. Ongoing reduced appetite may need veterinary review if it continues. This is a safety prompt based on reported signs, not a diagnosis."
emergency_collapse,,Action Needed,override,high,emergency,PASS,"Collapse reported for Shadow. Seek emergency veterinary care now. Reported signs may be serious and need urgent professional assessment. This is a safety alert based on reported signs, not a diagnosis."
inconsistent_low_confidence,,Building Baseline,building,low,none,PASS,"Ziggy is still building a baseline. With fewer than 4 recent check-ins we cannot yet tell what is normal for them, so no score is shown. Keep checking in each week."
single_vomiting_monitor,99.0,Bright Green,established,moderate,monitor,PASS,Rosie's indicators are tracking in line with their usual baseline this week. No emergency red flags were reported. Keep up the regular check-ins. Monitor closely and ensure access to water. Seek veterinary advice if it continues beyond a day or worsens.
