scenario,input_pattern,expected_band(s),expected_override,expected_explanation_style
stable_adult_dog,"Normal appetite/energy/sleep/toileting -> high & stable, no red flags.",Bright Green / Medium Green,none,"safe, non-diagnostic, vet review if persists/worsens"
high_energy_reduced_activity,"High-energy dog, activity & energy down vs baseline -> Watch, monitor.",Watch / Medium Green,none,"safe, non-diagnostic, vet review if persists/worsens"
senior_gradual_decline,"Senior dog slow decline -> Watch band, no acute override.",Watch / Medium Green,none,"safe, non-diagnostic, vet review if persists/worsens"
puppy_variable_sleep_activity,Puppy naturally variable but within own range -> stable.,Bright Green / Medium Green,none,"safe, non-diagnostic, vet review if persists/worsens"
cat_appetite_drop,"Single-day mild appetite drop, no other signs -> small decrease, monitor if persists.",Medium Green / Watch,none,"safe, non-diagnostic, vet review if persists/worsens"
dog_blood_in_stool,"Blood in stool -> urgent override, Action Needed pathway.",Action Needed,urgent,"safe, non-diagnostic, vet review if persists/worsens"
increased_thirst_repeated,Increased thirst over repeated check-ins -> urgent override (non-diagnostic wording).,Action Needed,urgent,"safe, non-diagnostic, vet review if persists/worsens"
low_appetite_lethargy,Persistent low appetite + lethargy -> urgent override.,Action Needed,urgent,"safe, non-diagnostic, vet review if persists/worsens"
emergency_collapse,"Collapse -> emergency pathway, no reassuring score.",Action Needed,emergency,"safe, non-diagnostic, vet review if persists/worsens"
inconsistent_low_confidence,"Fewer than 4 check-ins -> baseline-building state, low confidence.",Building Baseline,none,"safe, non-diagnostic, vet review if persists/worsens"
single_vomiting_monitor,"Single vomiting -> monitor advisory attached, wellbeing score still shown.",Bright Green / Medium Green / Watch,monitor,"safe, non-diagnostic, vet review if persists/worsens"
