scenario,pet_id,pet_name,role,timestamp,appetite_score,energy_score,sleep_quality_score,activity_minutes,toileting_status,water_intake_status,blood_in_stool,vomiting,diarrhoea,breathing_difficulty,collapse,seizure,suspected_toxin_ingestion,unable_to_urinate,severe_bleeding,tick_found,pain_or_discomfort_signs,weight_kg,owner_concern_level
stable_adult_dog,p01,Bella,history,2026-01-01,4,4,4,60,normal,normal,False,False,False,False,False,False,False,False,False,False,False,,
stable_adult_dog,p01,Bella,history,2026-01-08,4,4,4,60,normal,normal,False,False,False,False,False,False,False,False,False,False,False,,
stable_adult_dog,p01,Bella,history,2026-01-15,4,4,4,60,normal,normal,False,False,False,False,False,False,False,False,False,False,False,,
stable_adult_dog,p01,Bella,history,2026-01-22,4,4,4,60,normal,normal,False,False,False,False,False,False,False,False,False,False,False,,
stable_adult_dog,p01,Bella,history,2026-01-29,4,4,4,60,normal,normal,False,False,False,False,False,False,False,False,False,False,False,,
stable_adult_dog,p01,Bella,current,2026-02-05,4,4,4,60,normal,normal,False,False,False,False,False,False,False,False,False,False,False,,
high_energy_reduced_activity,p02,Rex,history,2026-01-01,4,4,4,90,normal,normal,False,False,False,False,False,False,False,False,False,False,False,,
high_energy_reduced_activity,p02,Rex,history,2026-01-08,4,4,4,90,normal,normal,False,False,False,False,False,False,False,False,False,False,False,,
high_energy_reduced_activity,p02,Rex,history,2026-01-15,4,4,4,90,normal,normal,False,False,False,False,False,False,False,False,False,False,False,,
high_energy_reduced_activity,p02,Rex,history,2026-01-22,4,4,4,90,normal,normal,False,False,False,False,False,False,False,False,False,False,False,,
high_energy_reduced_activity,p02,Rex,history,2026-01-29,4,4,4,90,normal,normal,False,False,False,False,False,False,False,False,False,False,False,,
high_energy_reduced_activity,p02,Rex,current,2026-02-05,4,3,4,25,normal,normal,False,False,False,False,False,False,False,False,False,False,False,,
senior_gradual_decline,p03,Max,history,2026-01-01,4,4,4,50,normal,normal,False,False,False,False,False,False,False,False,False,False,False,,
senior_gradual_decline,p03,Max,history,2026-01-08,4,3,4,45,normal,normal,False,False,False,False,False,False,False,False,False,False,False,,
senior_gradual_decline,p03,Max,history,2026-01-15,3,3,3,40,normal,normal,False,False,False,False,False,False,False,False,False,False,False,,
senior_gradual_decline,p03,Max,history,2026-01-22,3,3,3,35,normal,normal,False,False,False,False,False,False,False,False,False,False,False,,
senior_gradual_decline,p03,Max,history,2026-01-29,3,3,3,30,normal,normal,False,False,False,False,False,False,False,False,False,False,False,,
senior_gradual_decline,p03,Max,current,2026-02-05,3,2,3,25,normal,normal,False,False,False,False,False,False,False,False,False,False,False,,
puppy_variable_sleep_activity,p04,Luna,history,2026-01-01,4,5,3,80,normal,normal,False,False,False,False,False,False,False,False,False,False,False,,
puppy_variable_sleep_activity,p04,Luna,history,2026-01-08,5,4,5,40,normal,normal,False,False,False,False,False,False,False,False,False,False,False,,
puppy_variable_sleep_activity,p04,Luna,history,2026-01-15,4,5,2,90,normal,normal,False,False,False,False,False,False,False,False,False,False,False,,
puppy_variable_sleep_activity,p04,Luna,history,2026-01-22,5,4,4,50,normal,normal,False,False,False,False,False,False,False,False,False,False,False,,
puppy_variable_sleep_activity,p04,Luna,history,2026-01-29,4,5,3,70,normal,normal,False,False,False,False,False,False,False,False,False,False,False,,
puppy_variable_sleep_activity,p04,Luna,current,2026-02-05,5,5,3,75,normal,normal,False,False,False,False,False,False,False,False,False,False,False,,
cat_appetite_drop,p05,Milo,history,2026-01-01,4,4,4,30,normal,normal,False,False,False,False,False,False,False,False,False,False,False,,
cat_appetite_drop,p05,Milo,history,2026-01-08,4,4,4,30,normal,normal,False,False,False,False,False,False,False,False,False,False,False,,
cat_appetite_drop,p05,Milo,history,2026-01-15,4,4,4,30,normal,normal,False,False,False,False,False,False,False,False,False,False,False,,
cat_appetite_drop,p05,Milo,history,2026-01-22,4,4,4,30,normal,normal,False,False,False,False,False,False,False,False,False,False,False,,
cat_appetite_drop,p05,Milo,history,2026-01-29,4,4,4,30,normal,normal,False,False,False,False,False,False,False,False,False,False,False,,
cat_appetite_drop,p05,Milo,current,2026-02-05,3,4,4,28,normal,normal,False,False,False,False,False,False,False,False,False,False,False,,
dog_blood_in_stool,p06,Daisy,history,2026-01-01,4,4,4,60,normal,normal,False,False,False,False,False,False,False,False,False,False,False,,
dog_blood_in_stool,p06,Daisy,history,2026-01-08,4,4,4,60,normal,normal,False,False,False,False,False,False,False,False,False,False,False,,
dog_blood_in_stool,p06,Daisy,history,2026-01-15,4,4,4,60,normal,normal,False,False,False,False,False,False,False,False,False,False,False,,
dog_blood_in_stool,p06,Daisy,history,2026-01-22,4,4,4,60,normal,normal,False,False,False,False,False,False,False,False,False,False,False,,
dog_blood_in_stool,p06,Daisy,history,2026-01-29,4,4,4,60,normal,normal,False,False,False,False,False,False,False,False,False,False,False,,
dog_blood_in_stool,p06,Daisy,current,2026-02-05,3,2,3,40,normal,normal,True,False,False,False,False,False,False,False,False,False,False,,
increased_thirst_repeated,p07,Coco,history,2026-01-01,4,4,4,60,normal,normal,False,False,False,False,False,False,False,False,False,False,False,,
increased_thirst_repeated,p07,Coco,history,2026-01-08,4,4,4,60,normal,normal,False,False,False,False,False,False,False,False,False,False,False,,
increased_thirst_repeated,p07,Coco,history,2026-01-15,4,4,4,60,normal,normal,False,False,False,False,False,False,False,False,False,False,False,,
increased_thirst_repeated,p07,Coco,history,2026-01-22,4,4,4,60,normal,normal,False,False,False,False,False,False,False,False,False,False,False,,
increased_thirst_repeated,p07,Coco,history,2026-01-29,4,4,4,60,normal,increased,False,False,False,False,False,False,False,False,False,False,False,,
increased_thirst_repeated,p07,Coco,current,2026-02-05,3,3,4,50,normal,increased,False,False,False,False,False,False,False,False,False,False,False,,
low_appetite_lethargy,p08,Buddy,history,2026-01-01,4,4,4,60,normal,normal,False,False,False,False,False,False,False,False,False,False,False,,
low_appetite_lethargy,p08,Buddy,history,2026-01-08,4,4,4,60,normal,normal,False,False,False,False,False,False,False,False,False,False,False,,
low_appetite_lethargy,p08,Buddy,history,2026-01-15,4,4,4,60,normal,normal,False,False,False,False,False,False,False,False,False,False,False,,
low_appetite_lethargy,p08,Buddy,history,2026-01-22,4,4,4,60,normal,normal,False,False,False,False,False,False,False,False,False,False,False,,
low_appetite_lethargy,p08,Buddy,history,2026-01-29,2,2,4,60,normal,normal,False,False,False,False,False,False,False,False,False,False,False,,
low_appetite_lethargy,p08,Buddy,current,2026-02-05,2,2,3,30,normal,normal,False,False,False,False,False,False,False,False,False,False,False,,
emergency_collapse,p09,Shadow,history,2026-01-01,4,4,4,60,normal,normal,False,False,False,False,False,False,False,False,False,False,False,,
emergency_collapse,p09,Shadow,history,2026-01-08,4,4,4,60,normal,normal,False,False,False,False,False,False,False,False,False,False,False,,
emergency_collapse,p09,Shadow,history,2026-01-15,4,4,4,60,normal,normal,False,False,False,False,False,False,False,False,False,False,False,,
emergency_collapse,p09,Shadow,history,2026-01-22,4,4,4,60,normal,normal,False,False,False,False,False,False,False,False,False,False,False,,
emergency_collapse,p09,Shadow,history,2026-01-29,4,4,4,60,normal,normal,False,False,False,False,False,False,False,False,False,False,False,,
emergency_collapse,p09,Shadow,current,2026-02-05,2,1,2,0,normal,normal,False,False,False,False,True,False,False,False,False,False,False,,
inconsistent_low_confidence,p10,Ziggy,history,2026-01-01,4,4,4,60,normal,normal,False,False,False,False,False,False,False,False,False,False,False,,
inconsistent_low_confidence,p10,Ziggy,history,2026-01-08,4,4,4,60,normal,normal,False,False,False,False,False,False,False,False,False,False,False,,
inconsistent_low_confidence,p10,Ziggy,current,2026-01-22,3,3,3,40,normal,normal,False,False,False,False,False,False,False,False,False,False,False,,
single_vomiting_monitor,p11,Rosie,history,2026-01-01,4,4,4,60,normal,normal,False,False,False,False,False,False,False,False,False,False,False,,
single_vomiting_monitor,p11,Rosie,history,2026-01-08,4,4,4,60,normal,normal,False,False,False,False,False,False,False,False,False,False,False,,
single_vomiting_monitor,p11,Rosie,history,2026-01-15,4,4,4,60,normal,normal,False,False,False,False,False,False,False,False,False,False,False,,
single_vomiting_monitor,p11,Rosie,history,2026-01-22,4,4,4,60,normal,normal,False,False,False,False,False,False,False,False,False,False,False,,
single_vomiting_monitor,p11,Rosie,history,2026-01-29,4,4,4,60,normal,normal,False,False,False,False,False,False,False,False,False,False,False,,
single_vomiting_monitor,p11,Rosie,current,2026-02-05,4,4,4,55,normal,normal,False,True,False,False,False,False,False,False,False,False,False,,
